EA1530 COLDHAM LANE JUNCTION TO HAUGHLEY JUNCTION					
Up (Westbound)					Remarks
Approaching Bury St Edmunds	E		1		
Approaching Chippenham Jn	P		1		"Applies only to Cambridge-boundpassenger services if a Cambridge-Ipswichservice is coming off the single line with aminimum margin of 2 minutes atChippenham Jn"
Approaching Coldham Lane Jn	E		1		
EA1540 CHIPPENHAM JUNCTION TO ELY DOCK JUNCTION					
Down (Westbound)					Remarks
Approaching Ely Dock Jn	E		1		Applies to all services
EA1560 ELY NORTH JUNCTION TO KINGS DYKE (INCLUSIVE)					
Down (Westbound)					Remarks
Approaching March	E		1		"Allowance to be applied approachingMarch Down Yard if calling or terminatingthere"
"Approaching Peterborough EastJunction"	E		1		
Up (Eastbound)					Remarks
Approaching March West Junction	E		1		
Approaching Ely North Junction	E		1		
EA1580 ELY NORTH JUNCTION TO TROWSE JUNCTION					
Down					Remarks
Approaching Trowse Jn	E		1		From Thetford direction
Up					Remarks
Approaching Ely North Jn	E		1		From Thetford direction
