EA1190 BURY STREET JUNCTION TO CHESHUNT JUNCTION		
ROUTE SECTION	PASS	ECS SLIDE
""		
Bury Street Junction to Cheshunt Junction	P	P
EA1200 CLAPTON JUNCTION TO CHINGFORD		
ROUTE SECTION	PASS	ECS SLIDE
""		
Clapton Junction to Chingford	P	P
EA1210 BROXBOURNE JUNCTION TO HERTFORD EAST		
ROUTE SECTION	PASS	ECS SLIDE
""		
Broxbourne Junction to Hertford East	P	P
EA1220 STANSTED SOUTH & NORTH JUNCTIONS TO STANSTED AIRPORT		
ROUTE SECTION	PASS	ECS SLIDE
""		
Stansted Junctions to Stansted Airport	P	P
EA1230 ROYSTON TO SHEPRETH BRANCH JUNCTION		
ROUTE SECTION	PASS	ECS SLIDE
""		
Royston to Shepreth Branch Junction	P	P
EA1280 STRATFORD CENTRAL JUNCTION TO COPPERMILL JUNCTION		
ROUTE SECTION	PASS	ECS SLIDE
""		
Stratford Central Junction to Coppermill Junction	P	P
"EA1290 TOTTENHAM SOUTH JUNCTION TO SOUTH TOTTENHAM EASTJUNCTION"		
ROUTE SECTION	PASS	ECS SLIDE
""		
"Tottenham South Junction toSouth Tottenham East Junction"	P	P
EA1300 SOUTH TOTTENHAM WEST JUNCTION TO SEVEN SISTERS JUNCTION		
ROUTE SECTION	PASS	ECS SLIDE
""		
South Tottenham West Junction to Seven Sisters Junction	P	P
EA1310 CAMDEN ROAD WEST JUNCTION TO RICHMOND		
ROUTE SECTION	PASS	ECS SLIDE
""		
Camden Road West Junction to Richmond	P	P
