LN3204 TRENT SOUTH JUNCTION TO NOTTINGHAM EAST JUNCTION					
Timing Section	Type	FL/ML	SL	GL	Remarks
""					
Down Sat – Mon					
Approaching Mansfield Jn	E	1*			"*Does not apply to Derby to Nottingham allstation services"
LN3207 TRENT EAST JUNCTION TO CLAY CROSS NORTH JUNCTION					
Timing Section	Type	FL/ML	SL	GL	Remarks
""					
Down Sat – Mon					
Approaching Trowell Jn	E	1			
Up Sat – Mon					
Approaching Trowell Jn	E	1*			"*Only applicable to trains divergingtowards Radford Junction"
Approaching Toton Centre	E	1			
LN3273 IRONVILLE JUNCTION TO SHIREBROOK JUNCTION					
Timing Section	Type	FL/ML	SL	GL	Remarks
""					
Down Sat – Mon					
"Approaching MansfieldWoodhouse"	E	1			
Up Sat – Mon					
Approaching Kirkby Lane End Jn	E	1			
LN3505 NORTH STAFFORD JUNCTION TO STOKE JUNCTION (EXCLUSIVE)					
Timing Section	Type	FL/ML	SL	GL	Remarks
""					
Down Sat – Mon					
Approaching Stoke Jn	E	1			
LN3520 SHEET STORES JUNCTION TO STENSON JUNCTION					
Timing Section	Type	FL/ML	SL	GL	Remarks
""					
Up Sat – Mon					
Approaching Sheet Stores Jn	E	1			
LN3601 KETTERING NORTH JUNCTION TO MANTON JUNCTION					
Timing Section	Type	FL/ML	SL	GL	Remarks
""					
Down Sat – Mon					
Approaching Manton Jn	E	1			
Up Sat – Mon					
Approaching Corby North Jn	E	2			
Approaching Kettering North Jn	E	1			
