""	Ramsgate
""	
""	See entry under route SO110
""	"SO240 BUCKLAND JUNCTION TO MINSTER EAST JUNCTION(VIA DEAL AND SANDWICH)"
""	
""	Buckland Junction
""	See entry under route SO160
""	Deal
""	
""	Engineering Allowance
""	"Trains terminating at Deal (in either the Up or Down direction) due to engineering works, require an additional 2minute allowance approaching Deal"
""	Minster South Junction		
""			
""	Adjustments to Sectional Running Times		
""	Movement Up	Reason	Value
""	12 Car trains towards Deal	"Slow speed of the curve between Minster EastJunction and Minster South Junction"	1
""	Minster East Junction
""	
""	See entry under route SO220
""	SO250 FACTORY JUNCTION TO MITRE BRIDGE JUNCTION
""	For Route SO250 Please see Sussex Timetable Planning Rules
""	SO250B BATTERSEA PIER JUNCTION TO LONGHEDGE JUNCTION
""	For Route SO250 Please see Sussex Timetable Planning Rules
""	SO250D FALCON JUNCTION TO LATCHMERE JUNCTION (NO 1)
""	For Route SO250 Please see Sussex Timetable Planning Rules
""	"SO260 BRIXTON JUNCTION TO SHORTLANDS JUNCTION(CATFORD LOOP)"
""	Canterbury Road Junction
""	
