""	SO310 HITHER GREEN TO MAIDSTONE WEST (VIA SIDCUP)					
""	TIMING POINT	DOWN	UP	CODE	NOTES	
""						
""	Allington Sidings	-	-	F S	"Access controlled by FOC shunter andgroundframe operator"	
""	Maidstone Barracks	-	-			
""	Maidstone West	-	-		"Platform detail must be shownTo/from Paddock Wood – SO180"	
SO310A LEE SPUR JUNCTION TO LEE LOOP JUNCTION					
TIMING POINT	DOWN	UP	CODE	NOTES	
""					
Lee Spur Junction	"- CWMSL"	-		"Timing point for trains to/from Lee LoopJunctionTo/from Grove Park - SO130"	
Lee Signal TL345	-	-		"Signal available for ECS movementsUse TIPLOC LEEE345"	
Lee Loop Junction	-		S	"To/from Lee - SO310Timing point for trains regulated at TL345"	
""	SO310B CRAYFORD SPUR ‘A’ JUNCTION TO CRAYFORD SPUR ‘B’ JUNCTION					
""	TIMING POINT	DOWN	UP	CODE	NOTES	
""						
""	Crayford Spur ‘A’ Junction	-	-		To/from Crayford Creek Junction - SO290	
""	Crayford Spur	-	-		"A dot stop is required to enable ARS tofunction"	
""	Crayford Spur ‘B’ Junction	-	-		To/from Crayford - SO310	
""						
""	SO310C STROOD TO ROCHESTER BRIDGE JUNCTION					
""	TIMING POINT	"TIMINGPOINT"	"TIMINGPOINT"	"TIMINGPOINT"	TIMING POINT	
""						
""	Strood	-	-		"Platform detail must be shown To/fromHigham – SO310"	
""	Rochester Bridge Junction	-	-		To/from Rochester - SO110	
