""	SO280 FARRINGDON TO HERNE HILL				
""	TIMING POINT	DOWN	UP	CODE	NOTES
""					
""		USL			
""	Blackfriars Junction	"DSHFLSL"	"USHDSHUSLDSL"		"Timing Point ONLY for Line Codes ShownTo/from Metropolitan Junction - SO280A"
""	Southwark Bridge Junction	FL  SL	FL SL		
""	Elephant and Castle	FL  SL	FL  SL		Platform detail must be shown
""	Loughborough Junction	-	FL  SL		"To/from Cambria Junction - SO280BTo/from Canterbury Road Junction -SO280C"
""	Herne Hill Turnback Siding	-	-	S	"Timing Point for all trains into and out ofthe Turnback Siding"
""	Herne Hill	-	-		"Platform detail must be shownTo/from Tulse Hill - Refer to SussexTimetable Planning Rules - SO680ATo/from Loughborough Junction - SO280"
""	Shunt signal VS602		-		"Available for ECS shunt moves Countryend of Herne Hill stationUSE TIPLOC HERN602"
""	SO280A BLACKFRIARS JUNCTION TO METROPOLITAN JUNCTION				
""	TIMING POINT	DOWN	UP	CODE	NOTES
""					
""	Blackfriars Junction	"DSHFL  SL"	"USHSLDSHUSLDSL"		"To/from London Blackfriars - SO280SL and FL lines codes only apply towardsSouthwark Bridge Jn – see SO280"
""	Metropolitan Junction	"DCXDSH"	"SLUSH"		"To/from London Cannon Street – SO130ATo/from London Bridge - SO130"
""	SO280B LOUGHBOROUGH JUNCTION TO CAMBRIA JUNCTION				
""	TIMING POINT	DOWN	UP	CODE	NOTES
""					
""	Loughborough Junction	-	FL  SL		To/from Elephant and Castle - SO280
""	Cambria Junction Signal VS675	-	-		"Shunt availableUse TIPLOC CBRI675"
""	Cambria Junction	-	-		To/from Denmark Hill – SO260
""	SO280C LOUGHBOROUGH JUNCTION TO CANTERBURY ROAD JUNCTION				
""	TIMING POINT	DOWN	UP	CODE	NOTES
""					
""	Loughborough Junction	-	FL  SL		To/from Elephant and Castle - SO280
""	Canterbury Road Junction				To/from Brixton Junction - SO260
