Newark North Gate		
Down arrival into Platform 3 or Goods Loop	Down Main freight pass	3
Down arrival into Platform 3 or Goods Loop	Up Main passenger arrival	3
Down arrival into Platform 3 or Goods Loop	Up Main passenger pass	2
Down arrival into Platform 3 or Goods Loop	Up Main freight pass	3
Down train passes Newark NG	Down train depart loop	1
"Up arrival into Platform 3 or Goods Loops fromUp Main"	Up Main passenger pass	2
"Up arrival into Platform 3 or Goods Loops fromUp Main"	Up Main freight pass	31⁄2
Up Train depart Newark NG	Up train depart loop	21⁄2
"Down train departs Platform 3/GL to CrossingCurve"	"Up train arrives into Platform 3/GL from UpMain"	5
Passenger Up Main pass	Depart Platform 3 to Up Main	2
Freight Up Main pass	Depart Platform 3 to Up Main	3
""		
Minimum Turnround	7 – DMU/EMU 20 – LNER	
""		
Platform Re–occupation		
Same direction	3	
""		
Planning note		
"All 80X services to/from LN206 will require a minimum 11⁄2 minute stop in the station for power changeover purposes ineither direction.  Where a station dwell already exists, there is sufficient timing within to undertake the powerchangeover.  All non-stop & ECS services will still require this 11⁄2 mins stop, and it should be denoted an OP stop."		
