LN828 MEXBOROUGH JUNCTION TO ALDWARKE JUNCTION VIA KILNHURST				
TIMING POINT	DOWN	UP	CODE	NOTES
""				
Mexborough Junction	–	–		To/from Hexthorpe Junction – LN826
Kilnhurst Up Goods Loop		–	S	
Thrybergh Junction	–	–		
Aldwarke Junction	–	–		"To/from Holmes Jn – LN804To/from Rotherham Central – LN830"
LN830 ALDWARKE JUNCTION TO WOODBURN JUNCTION				
TIMING POINT	DOWN	UP	CODE	NOTES
""				
Aldwarke Junction	–	–		"To/from Swinton – LN804To/from Thrybergh Jn – LN828"
Aldwarke New Site	–		S	
Aldwarke Jn Sig S738		–	S	Reversing point on Up Tinsley Line
Aldwarke Jn Sig S1092		–	S	Reversing point on Down Tinsley Line
Parkgate Junction	–	–	X	"To/from Sheffield Tram Parkgate, Tramonly – LN815"
Rotherham Central	–	–		To/from Holmes Jn – LN818
Tinsley East Junction	–	–		
Tinsley North Junction	–	–	X	"To/from Sheffield Tram W210, Tram only–LN814"
Tinsley South Junction	–	–		To/from Shepcote Lane West Jn – LN810
Broughton Lane Junction	–	–		To/from Shepcote Lane East Jn – LN812
Woodburn Junction	–	–		To/from Nunnery Main Line Jn – LN736
LN832 DONCASTER BRIDGE JUNCTION TO ST. JAMES JUNCTION				
TIMING POINT	DOWN	UP	CODE	NOTES
""				
Bridge Junction	GL–	–  WSL		To/from Decoy North Jn – LN101
St. James Junction	GL	GL		To/from Nunnery Main Line Jn – LN736
