Name
Name
Name	Frequency	Start Date	Weeks Run In	Route	TID	Day	Dep	From	To	Arr.	Model Train	TOC
Name	Frequency	Start Date	Weeks Run In	Route	TID	Day	Dep	From	To	Arr.	Model Train	TOC
""		15/12/2023	"37,41, 45, 49, 01,05, 09, 13, 17, 21,25, 29 & 33"		1Q19DA	FO	18.57	TAUNTON	"LONDONPADDINGTON"	21*39	HSMT	RG
""		15/12/2023	"37,41, 45, 49, 01,05, 09, 13, 17, 21,25, 29 & 33"	1Q21DB	FO	22.10	"LONDONPADDINGTON"	"DERBYR.T.C.(NETWORKRAIL)"	01*57	HSMT	RG	
PLP123	4 - weekly	11/12/2023	"37,41, 45, 49, 01,05, 09, 13, 17, 21,25, 29 & 33"	"Heaton -Tees - Donc- KX Slowsand Loops -Derby RTC"	1Q19GS	MO	08.39	HEATON T&R.S.M.D.	"LONDON KINGSCROSS"	20.17	HSMT	RG
""		11/12/2023	"37,41, 45, 49, 01,05, 09, 13, 17, 21,25, 29 & 33"	1Q20GS	MO	20.35	"LONDON KINGSCROSS"	"DERBYR.T.C.(NETWORKRAIL)"	02.10	HSMT	RG	
PLP147	4 - weekly	29/12/2023	"39, 43, 47, 51, 03,07, 11, 15, 19, 23,27, 31 & 35"	"CreweLNWR -Newport -Crewe -Derby RTC"	1Q20DB	FO	06.30	"CREWE C.S. (L&NWRSITE)"	"DERBYR.T.C.(NETWORKRAIL)"	14.26	HSMT	RG
Frequency
Frequency
Start Date
Start Date
Weeks Run In
Weeks Run In
Route
Route
TID
TID
Day
Day
Dep
Dep
From
From
To
To
Arr.
Arr.
Model Train
Model Train
TOC
TOC
