Name
Name
Name	Frequency	Start Date	Weeks Run In	Route	TID	Day	Dep	From	To	Arr.	Model Train	TOC
Name	Frequency	Start Date	Weeks Run In	Route	TID	Day	Dep	From	To	Arr.	Model Train	TOC
""		11/12/2023	"37, 41, 45, 49, 05,09, 13, 17, 21, 25,29 & 33"		1Q61RS	MO	15.36	BARLBY LOOPS	"GASCOIGNEWOOD DOWNLOOP"	17.32	LD75	RG
""	11/12/2023	"37, 41, 45, 49, 05,09, 13, 17, 21, 25,29 & 33"	1Q62RS	MO	19.07	"GASCOIGNE WOODDOWN LOOP"	SCARBOROUGH	20.31	LD75	RG		
""	11/12/2023	"37, 41, 45, 49, 05,09, 13, 17, 21, 25,29 & 33"	1Q63RS	MO	20.44	SCARBOROUGH	MILFORD LOOP	21.56	LD75	RG		
""	11/12/2023	"37, 41, 45, 49, 05,09, 13, 17, 21, 25,29 & 33"	1Q64RS	MO	22.15	MILFORD LOOP	"YORK HOLGATESIDING (FLHH)"	23.45	LD75	RG		
PLP343	4 - weekly	22/01/2024	"43, 47, 51, 07, 11,15, 19, 23, 27, 31 &35"	"Woking -Windsor -Waterloo -StrawberryHill - Woking"	1Q64CA	MO	20.53	WOKING UP C.H.S.	WOKING UP C.H.S.	05.23	LD75	RG
Frequency
Frequency
Start Date
Start Date
Weeks Run In
Weeks Run In
Route
Route
TID
TID
Day
Day
Dep
Dep
From
From
To
To
Arr.
Arr.
Model Train
Model Train
TOC
TOC
