Name
Name
Name	Frequency	Start Date	Weeks Run In	Route	TID	Day	Dep	From	To	Arr.	Model Train	TOC
Name	Frequency	Start Date	Weeks Run In	Route	TID	Day	Dep	From	To	Arr.	Model Train	TOC
""		13/12/2023	"37, 41, 45, 49, 05,09, 13, 17, 21, 25,29 & 33"		1Q86GA	WO	03.37	"SKIPTON DOWNSHIPLEY SLOW"	"YORK HOLGATESIDING (FLHH)"	06.32	LD75	RG
"TRV450"	13 - weekly	"23/02/202417/05/202409/08/202401/11/2024"	47, 07, 19 & 31	"East LondonLine"	1Q66BA	FO	22.48	"TONBRIDGE WESTYARD"	"TONBRIDGE WESTYARD"	06.39	LD75	RG
PLP415	4 - weekly	13/12/2023	"37, 41, 45, 49, 05,09, 13, 17, 21, 25,29 & 33"	"YorkHolgateSiding  -Goole -BarnsleyandBradford -YorkHolgateSiding"	1Q66GA	WO	20.48	"YORK HOLGATESIDING (FLHH)"	"GOOLE UP GOODSLOOP"	23.25	LD75	RG
""		13/12/2023	"37, 41, 45, 49, 05,09, 13, 17, 21, 25,29 & 33"	1Q67GA	WO	23.49	"GOOLE UP GOODSLOOP"	"YORK HOLGATESIDING (FLHH)"	07.55	LD75	RG	
"PLP346A"	4 - weekly	29/12/2023	"39, 47, 51, 07, 11,19, 23, 31 & 35"	"Woking -London -Orpington -Guildford -TonbridgeWest Yard"	1Q67BA	ThO	17.44	"WOKING UP YARDRECP."	"LONDON CANNONSTREET"	05.04	LD75	RG
Frequency
Frequency
Start Date
Start Date
Weeks Run In
Weeks Run In
Route
Route
TID
TID
Day
Day
Dep
Dep
From
From
To
To
Arr.
Arr.
Model Train
Model Train
TOC
TOC
