Name
Name
Name	Frequency	Start Date	Weeks Run In	Route	TID	Day	Dep	From	To	Arr.	Model Train	TOC
Name	Frequency	Start Date	Weeks Run In	Route	TID	Day	Dep	From	To	Arr.	Model Train	TOC
PLP344	4 - weekly	23/01/2024	"43, 47, 51, 07, 11,15, 19, 23, 27, 31 &35"	"Woking -Horsham -Chessington- HamptonCourt -Woking"	1Q65CA	TO	20.49	"WOKING UP YARDRECP."	WOKING UP C.H.S.	05.48	LD75	RG
PLP414	4 - weekly	12/12/2023	"37, 41, 45, 49, 05,09, 13, 17, 21, 25,29 & 33"	"YorkHolgateSiding -Selby -Skipton andBrad - YorkHolgateSiding"	1Q65GA	TO	21.27	"YORK HOLGATESIDING (FLHH)"	SELBY	22.34	LD75	RG
12/12/2023	"37, 41, 45, 49, 05,09, 13, 17, 21, 25,29 & 33"	1Q75GA	TO	22.52	SELBY	ILKLEY	00.24	LD75	RG			
13/12/2023	"37, 41, 45, 49, 05,09, 13, 17, 21, 25,29 & 33"	1Q76GA	WO	00.35	ILKLEY	LEEDS	01.08	LD75	RG			
13/12/2023	"37, 41, 45, 49, 05,09, 13, 17, 21, 25,29 & 33"	1Q85GA	WO	01.25	LEEDS	"SKIPTON DOWNSHIPLEY SLOW"	03.28	LD75	RG			
Frequency
Frequency
Start Date
Start Date
Weeks Run In
Weeks Run In
Route
Route
TID
TID
Day
Day
Dep
Dep
From
From
To
To
Arr.
Arr.
Model Train
Model Train
TOC
TOC
