""	NW5003 WILMSLOW TO SLADE LANE JN (STYAL LINES)			
""	TIMING POINT	DOWN	UP	NOTES
""				
""	Wilmslow to Slade Lane Jn	3	3	"See also section 5.3 – Junction Margins & StationPlanning Rules for exceptions applicable at SladeLane Jn"
""	NW5005 HEALD GREEN SOUTH JN TO HEALD GREEN WEST JN			
""	TIMING POINT	DOWN	UP	NOTES
""				
""	"Heald Green South Jn to HealdGreen West"	3	3	
""	NW5007 MANCHESTER AIRPORT TO HEALD GREEN NORTH JN			
""	TIMING POINT	DOWN	UP	NOTES
""				
""	"Manchester Airport to HealdGreen North Jn"	3	3	
NW5008 NORTON BRIDGE TO STONE JN			
TIMING POINT	DOWN	UP	NOTES
""			
Norton Bridge to Stone Jn	3	3	
""	NW5009 COLWICH JN TO CHEADLE HULME			
""	TIMING POINT	DOWN	UP	NOTES
""				
""	Colwich to Stone	5	5	
""	Stone to Cheadle Hulme	3	3	"No more than 13 trains per hourSee also Section 5.2.2 General Capacity Constraints"
""	NW5011 HEATON NORRIS JN TO GUIDE BRIDGE STATION JN			
""	TIMING POINT	DOWN	UP	NOTES
""				
""	"Heaton Norris Jn to Guide BridgeStation Jn"	4	4	
""	NW5013 DENTON JN TO ASHTON MOSS NORTH JN			
""	TIMING POINT	DOWN	UP	NOTES
""				
""	"Denton Jn to Ashton Moss NorthJn"	AB+2	AB+2	
