""	STATION	PLATFORM	LENGTH	NOTES
""				
""	Maghull	1	154	Up line
""	Maghull	2	143	Down line. Additional 17.6m beyond
""	Maghull North	Down	135	
""	Maghull North	Up	135	
""	Malvern Link	Down	128	
""	Malvern Link	Up	186	
""	Manchester Airport	1	197	
""	Manchester Airport	2	200	
""	Manchester Airport	3	200	
""	Manchester Airport	4	201	
""	Manchester Deansgate see Deansgate			
""	Manchester Oxford Road	1	106	Bi–directional
""	Manchester Oxford Road	2	161	Bi–directional
""	Manchester Oxford Road	3	138	In Down direction. Additional 23.3m beyond
""	Manchester Oxford Road	3	161	In Up direction
""	Manchester Oxford Road	4	163	Bi-directional
""	Manchester Oxford Road	5	106	Bay to Deansgate
""	Manchester Piccadilly	1	238	
""	Manchester Piccadilly	2	238	
""	Manchester Piccadilly	3	237	
""	Manchester Piccadilly	4	239	
""	Manchester Piccadilly	5	340	
""	Manchester Piccadilly	6	277	
""	Manchester Piccadilly	7	277	
""	Manchester Piccadilly	8	340	
""	Manchester Piccadilly	9	330	217.5m to MP390 signal
""	Manchester Piccadilly	10	177	
""	Manchester Piccadilly	11	98	
""	Manchester Piccadilly	12	98	
""	Manchester Piccadilly	13	277	In Down direction
""	Manchester Piccadilly	13	277	In Up direction
""	Manchester Piccadilly	14	265	In Down direction
""	Manchester Piccadilly	14	266	In Up direction
""	"Manchester United FootballGround"	Single	146	
""	Manchester Victoria	1	111	"Bay to Miles Platting Jn. Additional 5.7mbeyond signal"
""	Manchester Victoria	2	96	"Bay to Miles Platting Jn. Additional 5.7mbeyond signal"
""	Manchester Victoria	3	255	Bi–directional
""	Manchester Victoria	4	224	Bi–directional
""	Manchester Victoria	5	215	Bi–directional
""	Manchester Victoria	6	215	Bi–directional
""	Manor Road	1	128	Up line
""	Manor Road	2	128	Down line
""	Marple	Down	152	
""	Marple	Up	136	
""	Marston Green	Down	169	
""	Marston Green	Up	169	
""	Maryport	Single	89	Additional 86.6m OOU
""	Mauldeth Road	1	140	
""	Mauldeth Road	2	146	
""	Meols	1	127	Up line
""	Meols	2	127	Down line
