STANDARD VALUES – MINIMUM (APPLIES TO ALL ROUTES EXCEPT THOSE STARTING MD9XX)		
""		
Detachment of Locomotives/Units:		
Class/Type	Allowance	
Class 22x	7 (Avanti West Coast/CrossCountry)	
Class 80x	7 (Avanti West Coast)	
DMU/EMU	"5, except:GWR Class 165/166 DMU, 4 (3 if a second driver is present in the rear unit)TfW Class 150/153, 4TfW Class 158, 6XC Class 170, 4"	
Locomotive	10	
""		
Dwell Time		
Dwell	Allowance	
Standard	1⁄2	
Class 170 and Class 185 DMUs	45 seconds. To be shown as alternative 1⁄2 and 1 minute dwells	
Class 22x DMU	11⁄2	
Class 350 EMU	45 seconds. To be shown as alternative 1⁄2 and 1 minute dwells	
Class 390	2	
Class 80x	2 (Avanti West Coast), 11⁄2 (Transpennine Express)	
LH	1	
HST	11⁄2	
""		
Junction Margins		
First Movement	Second Movement	Margin
Arrival	Conflicting departure	1
Departure	Conflicting arrival	3
"All other conflicting movements, except:Where second move is a crossing move"		"32"
""		
Minimum allowance for freight movements		
"Reversal before/after propellingmovement"	2	
""		
"Minimum Locomotive ChangeAllowance"	12	
""		
"Minimum Locomotive Run-roundAllowance"	"15 Passenger20 Freight"	
""		
