""	West Kirby
""	
""	Other Restrictions
""	Permissive working applies in both platforms
""	NW8013 CANNING STREET JN TO HOOTON SOUTH JN
""	
""	Hamilton Square
""	
""	See entry under route NW8011 - Mann Island Jn to West Kirby (via Loop)
""	Birkenhead Central	
""		
""	Dwell Time	
""	All	1$
""	$ includes an allowance for traincrew change	
""		
""	Train Watering Points	Fixed watering point available
""		
""	Minimum Turnround Time – Trains changing direction at end of journey	
""	"EMU shunting between arrival platform and a different departure platform for services to/fromLiverpool Central only"	7
""	Rock Ferry		
""			
""	Adjustments to Sectional Running Times		
""	Movement	Reason	Value
""	Trains terminating in Platforms 3 & 4	Approach Control	2
""	Trains departing from Platforms 3 & 4	Slower line Speed	1
""	Hooton
""	
""	Other Restrictions
""	"Both through lines and the bay platform are DC electrified.  The through platforms are bi-directional. Permissiveworking does not apply. The maximum permitted station dwell time of 5 minutes does not apply."
""	NW8015 BIDSTON EAST JN TO NEW BRIGHTON (NEW BRIGHTON LINES)
""	
""	Bidston East Jn
""	
""	See entry under route NW8011 Mann Island Jn to West Kirby (via Loop)
""	New Brighton
""	
""	Other Restrictions
""	Permissive working applies in both platforms
