""	STATION	PLATFORM	LENGTH	NOTES	
""					
""	Hindley	1	117		
""	Holmes Chapel	Down	167		
""	Holmes Chapel	Up	167		
""	Hooton	1	117	Bay to Hooton South Jn	
""	Hooton	2	152	Bi–directional. Down line	
""	Hooton	3	152	Bi–directional. Up line	
""	Horton–in–Ribblesdale	Down	92		
""	Horton–in–Ribblesdale	Up	92		
""	Hope (Derbyshire)	1	95		
""	Hope (Derbyshire)	2	95		
""	Horwich Parkway	Down	141		
""	Horwich Parkway	Up	141		
""	Hoscar	Down	160		
""	Hoscar	Up	117		
""	Hough Green	Down	129		
""	Hough Green	Up	129		
""	How Wood	Single	85		
""	Hoylake	1	127	Up line	
""	Hoylake	2	128	Down line	
""	Humphrey Park	1	92		
""	Humphrey Park	2	92		
""	Huncoat	Down	51	Additional 29m low plus 60m	
""	Huncoat	Up	48	Additional 39m low plus 37.5m	
""	Hunts Cross	1	117	Down line to Liverpool South Parkway	
""	Hunts Cross	2	130	Bi–directional DC line	
""	Hunts Cross	3	130	DC bay to Merseyrail Northern Line	
""	Huyton	1	121	Down Chat Moss Fast	
""	Huyton	2	120	Down Chat Moss Slow	
""	Huyton	3	100	Up Chat Moss Fast	
""	Huyton	4	100	Up Chat Moss Slow	
""	Hyde Central	1	154		
""	Hyde Central	2	85		
""	Hyde North	2	122		
""	Hyde North	1	85		
""					
""	Ince (Greater Manchester)	Down	125	Additional 58.3m OOU	
""	Ince (Greater Manchester)	Up	125	Additional 58.3m OOU	
""	Ince & Elton (Cheshire)	Down	94		
""	Ince & Elton (Cheshire)	Up	95		
""	Irlam	2	119		
""	Irlam	1	122		
""	Islip	1	194	Up	
""	Islip	2	194	Down	
""					
""	James Street (Liverpool)	1	129	Down line to Loop	
""	James Street (Liverpool)	2	130	Bi–directional to/from Paradise Jn	
""	James Street (Liverpool)	3	129	Down line to Hamilton Square	
""	Jewellery Quarter	Down	150		
""	Jewellery Quarter	Up	150	147m to SY217 signal	
""					
""	Kearsley	Down	109		
""	Kearsley	Up	126		
""	Kempston Hardwick	Down	45		
