"SC171 HAYMARKET WEST JUNCTION TO DUNDEE CENTRAL JUNCTION (VIAKIRKCALDY)"				
TIMING POINT	DOWN	UP	CODE	NOTES
""				
Haymarket West Junction	–	–		"To/from Haymarket – SC107To/from Gorgie Junction – SC165"
South Gyle	–	–	S	
Edinburgh Gateway	–	–	S	
Dalmeny Junction	–	–		To/from Winchburgh Junction – SC113
Dalmeny	–	–	S	
North Queensferry	–	–	S	
Inverkeithing South Junction		–	X	To/from Rosyth Dockyard SC175
Inverkeithing	–	–		"Platform detail must be shownTo/from Rosyth Dockyard – SC175"
Inverkeithing Central Junction	–	–	S	"To/from Dunfermline City - SC173To/from Inverkeithing GL – SC173"
Inverkeithing East Junction	–	–	X	"To/from Inverkeithing North JunctionSC176"
Dalgety Bay	–	–	S	
Aberdour	–	–	S	
Burntisland	–	–		
Kinghorn	–	–	S	
Kirkcaldy	–	–		Platform detail must be shown
Thornton South Signal ET865	–		S	Reversal location
Thornton South Junction	–	–		"To/from Glenrothes with Thornton –SC173"
Thornton North UPL		–	S	
Thornton North Junction	–	–		"To/from Glenrothes with Thornton - SC173To/from Leven – SC177"
Markinch	–	–	S	Platform detail must be shown
Ladybank	–	–		"Platform detail must be shownTo/from Hilton Junction – SC181"
Springfield	–	–	S	
Cupar	–	–		
Leuchars	–	–		Platform detail must be shown
Tay Bridge South SB	–	–		
Dundee Central Junction	–	–		To/from Dundee – SC191
