STATION	PLATFORM AND LINE	"USABLELENGTH"	NOTES
Leigh	2 - Down Godstone	122	
Lewes	1 - Down Lewes	244	
Lewes	2 - Up Lewes	252	
Lewes	3 - Down Branch	128	
Lewes	4 - Up Branch	141	
Lewes	5 - Up Passenger Loop	125	Down direction
Lewes	5 - Up Passenger Loop	140	Up direction
Lingfield	1 - Up East Grinstead	177	
Lingfield	2 - Down East Grinstead	169	
Littlehampton	1 - Up Littlehampton	254	
Littlehampton	2 - Down Littlehampton	254	
Littlehampton	3	164	
Littlehampton	4	164	
Littlehaven	1 - Up Branch	165	8 cars
Littlehaven	2 - Down Branch	243	12 cars
London Bridge	10	252	12 cars
London Bridge	11	257	12 cars
London Bridge	12	252	12 cars
London Bridge	13	252	12 cars
London Bridge	14	252	12 cars
London Bridge	15	239	10 cars
London Road Brighton	1 - Up East Branch	138	
London Road Brighton	2 - Down East Branch	143	
London Victoria	9	269	
London Victoria	10	248	
London Victoria	11	248	
London Victoria	12	248	
London Victoria	13	246	
London Victoria	14	247	
London Victoria	15	259	
London Victoria	16	251	
London Victoria	17	247	
London Victoria	18	254	to Signal TVC 497
London Victoria	18	318	to Signal TVC 499
London Victoria	19	253	to Signal TVC 495
London Victoria	19	318	to Signal TVC 493
""			
Merstham	1 - Up Redhill	246	
Merstham	2 - Down Redhill	246	
Mitcham Eastfields	1- Up	200	
Mitcham Eastfields	2- Down	202	
Mitcham Junction	1 - Up Portsmouth	164	
Mitcham Junction	2 - Down Portsmouth	152	
Morden South	1   Up St Helier	161	
Morden South	2 - Down St Helier	158	
Moulsecoomb	1 - Up East Branch	85	
Moulsecoomb	2 - Down East Branch	86	
""			
New Cross Gate	1 – Down	142	
New Cross Gate	2 - Down Slow	167	
New Cross Gate	3 - Down Fast	161	
New Cross Gate	4 - Up Fast	187	
New Cross Gate	5 - Up Slow	167	
Newhaven Harbour	1 - Down Seaford	126	
