STATION	PLATFORM	"USABLELENGTH"	NOTES
""		In metres	
"Bristol TMPlatforms 3 to 12 inclusive are islands combining two platforms on each face, with the odd numbers London endand even numbers at the Penzance end Mid Platform Signals indicate the limits of each platform.Permissive WorkingPermissive working (PP) is allowed on through platform lines 3/-/12 for the purpose of attaching, detaching andplatform sharing.Classes of train 1, 2, 3 ECS, 5, 9 and 0 are allowed, together with any class of train formed only of MPV vehicleswhen operating as a railhead treatment or inspection train.When a train (the second train) arrives which is due to attach to the rear of another train in a far platform, theremust be enough room for the whole of the second train in the near platform.The platform lengths shown below in the third column, are the measured lengths of the platforms, and DO NOTaccount for the positions of car stop markers, or stand back distances (assume 10m)"			
Bristol TM	1 (Up Bay)	96	Buffer stop to top of ramp
Bristol TM (non-passenger)	2 (West Bay)	161	Stop to end of platform ramp
Bristol TM	3 (Single)	299	Signal to mid-platform signal
Bristol TM	4 (Single)	115	Top of ramp (Penzance end) to mid-platform signal
Bristol TM	Up Through	362	"Between opposing signals342m or 53 SLU useable length"
Bristol TM	5 (Single)	139	Top of ramp (London end) to mid-platform signal
Bristol TM	6 (Single)	168	Top of ramp to mid-platform signal
Bristol TM	7 (Single)	155	Top of ramp (London end) to mid-platform signal
Bristol TM	8 (Single)	148	Top of ramp (Penzance end) to mid-platform signal
Bristol TM	9 (Single)	231	Signal to mid-platform signal
Bristol TM	10 (Single)	164	Top of ramp (Penzance end) to mid-platform signal
Bristol TM	11 (Single)	212	Top of ramp (London end) to mid-platform signal
Bristol TM	12 (Single)	162	Top of ramp (Penzance end) to mid-platform signal
Bristol TM	"DownThrough"	576	"Between opposing signals556m or 86 SLU useable length"
Bristol TM	13 (Single)	281	Signal to top of ramp (London end)
Bristol TM	15 (Single)	277	
Brithdir	Single	124	
Briton Ferry	1	109	
Briton Ferry	2	109	
Broome	Single	73	
Bruton	1	130	
Bruton	2	144	
Bucknell	Single	73	
Bugle	Single	70	
Builth Road	Single	103	
Burnham RL only	1 (Down)	184	
Burnham RL only	2 (Up)	184	
Burnham RL only	2 (Up)	156	Top of ramp to nearest mirror
Bynea	1	91	
Bynea	2	106	
Cadoxton	Down	125	
Cadoxton	Up	123	
Caerphilly	1 (Bay)	150	
Caerphilly	2 (Down)	230	
