""	"Pass/depart to Maindee East Jn viaML"	Pass/depart to Maindee North Jn	3
""	*Refer to Gaer Jn Margins if the first movement is timed DM to Gaer Jn		
""			
""	Dwell Time		
""	All services except below	11⁄2	
""	All TfW Services	2	
""			
""	Platform Re-occupation	*#	
""	"* Where trains are using the same platform in the opposite direction, the minimum platform reoccupation time is 4minutes.#Permissive working is not allowed unless agreed locally"		
""			
""	Turnaround allowance	4 – To / From Park Jn	
""	Gaer Junction		
""			
""	Junction Margins		
""	First Movement	Second Movement	Margin
""	"Train passes Gaer Jn from Park Jnto Newport (S. Wales)"	"Train Passes Ebbw Jn for Newport(via UM) (S. Wales)"	21⁄2
""	"Train Dep / Pass Gaer Jn towardsNewport (S. Wales) (via UM)"	"Train Passing Ebbw Jn (via UM toNewport (S. Wales)) fromMarshfield"	11⁄2
""	"Train Dep / Pass Gaer Jn towardsNewport (S. Wales) (via DM)"	"Train Passing Ebbw Jn (via UM toNewport (S. Wales)) fromMarshfield"	11⁄2
""	"Pass / Dep Gaer Jn from Newport(S. Wales) (via DM) (to Park Jn)"	"Dep Newport (S. Wales) towardsGaer Jn (via DM)"	2
""	"Pass / Dep Gaer Jn from Newport(S. Wales) (via UM) (to Park Jn)"	"Dep Newport (S. Wales) towardsGaer Jn (via UM) (To Park Jn)"	2
""	"Pass / Dep Gaer Jn from Newport(S. Wales) (via UM) (to Park Jn)"	"Pass Ebbw Jn towardsNewport (S. Wales) (via UM)"	11⁄2
""	Newport Alexandra Dock Junction	
""		
""	"Headway Between Arrivals(including light engines)"	15 minutes minimum
""		
""		
""	"Headway Between Departures(including light engines)"	15 minutes minimum
""		
""	Maximum Length	
""	"The maximum length of trains into Newport AD Junction is 58 SLU governed by the length of Number 3 ReceptionSiding. Trains over this length can be accommodated by special arrangement with South Wales Production Teamon 087- 66641."	
""		
""	Movement	Allowance
""	ield Sidings to Reception and vice versa	10
""	rrival from the Cardiff direction to being placed in the New Sidings and vice versa	15
""	rrival from the Newport direction to being placed in the New Sidings and vice versa	15
""	rrival from the Cardiff direction to being placed in the Low Level Sidings and vice versa	15
""	rrival from the Newport direction to being placed in the Low Level Sidings and vice versa	5
""	rrival from the Newport direction to arrival at Newport Docks	30
""	rrival from the Cardiff direction to arrival at Newport Docks (including run-round)	60
