STATION	PLATFORM	"USABLELENGTH"	NOTES
""		In metres	
""			
NW routes			
Abergele & Pensarn	Down	197	
Abergele & Pensarn	Up	147	
Bangor (Gwynedd)	Down	275	
Bangor (Gwynedd)	Up	232	
Betws-y-Coed	Single	99	
Bidston	1	120	Up line
Bidston	2	120	Down line
Blaenau Ffestiniog	Single	200	
Bodorgan	Down	96	
Bodorgan	Up	96	
Buckley	Down	52	
Buckley	Up	53	
Caergwrle	Down	77	
Caergwrle	Up	76	
Cefn–y–Bedd	Down	60	Additional 25m OOU
Cefn–y–Bedd	Up	61	Additional 25m OOU
Colwyn Bay	Down	245	
Colwyn Bay	Up	246	
Conwy	Down	51	
Conwy	Up	51	
Deganwy	Down	196	
Deganwy	Up	180	
Dolgarrog	Single	41	
Dolwyddelan	Single	92	
Fflint	Down	210	
Fflint	Up	179	
Glan Conwy	Single	106	
Gwersyllt	Down	84	
Gwersyllt	Up	83	
Hawarden	Down	98	
Hawarden	Up	120	
Hawarden Bridge	Down	92	
Hawarden Bridge	Up	91	
Heswall	Down	56	
Heswall	Up	56	
Holyhead	1	336	Bay. Additional 10.6m beyond
Holyhead	2	307	Bay
Holyhead	3	216	
Hope (Flintshire)	Down	74	
Hope (Flintshire)	Up	80	
Llandudno	1	214	Bay. Additional 28m OOU
Llandudno	2	217	Bay. Additional 30m OOU
Llandudno	3	218	Bay. Additional 30m OOU
Llandudno Junction	1	300	Bi–dir
Llandudno Junction	2	102	Bay to Llandudno
Llandudno Junction	3	300	Bi–dir
Llandudno Junction	4	221	Down line
Llanfairfechan	Down	142	
Llanfairfechan	Up	115	Additional 38.5m OOU
Llanfairpwll	Down	36	
Llanfairpwll	Up	36	
