GW9001 LANDORE JUNCTION TO SWANSEA				
Timing Section	Type			Remarks
""				
Down - Daily				
Approaching Swansea Loop East	E	1		
""	GW910 CRAVEN ARMS TO LLANDEILO JUNCTION					
""	Timing Section	Type				Remarks
""						
""	Down – Daily					
""						
""	Approaching Llandrindod	E	1			
""	Approaching Llandeilo Jn	E	1			
""						
""	Up – Daily					
""						
""	Approaching Llandrindod	E	1			
""	Approaching Craven Arms	E	1			
""	GW950 WHITLAND TO PEMBROKE DOCK					
""	Timing Section	Type				Remarks
""						
""	Down – Daily					
""						
""	Approaching Pembroke Dock	E	2			
""	GW960 CLARBESTON ROAD TO MILFORD HAVEN					
""	Timing Section	Type				Remarks
""						
""	Down – Daily					
""						
""	Approaching Milford Haven	E	1			
""	NW3001 SALTNEY JUNCTION TO HOLYHEAD					
""	Timing Section	Type				Remarks
""						
""	Down – Daily					
""	Approaching Llandudno Jn	E	1			
""	Approaching Bangor	E	1			"Only applies to trains terminating atBangor"
""	Approaching Holyhead	E	1			
""						
""	Up – Daily					
""	Approaching Llandudno Jn	E	1			
""	Approaching Saltney Jn	E	1			
""	NW3015 LLANDUDNO JUNCTION TO BLAENAU FFESTINIOG					
""	Timing Section	Type				Remarks
""						
""	Down – Daily					
""	Approaching Blaenau Ffestiniog	E	2			
""						
""	Up – Daily					
